GPU-57be086f-e967-c022-3832-93df4fc77bd0, 2811316, python3, 690
GPU-57be086f-e967-c022-3832-93df4fc77bd0, 2812359, python3, 4026
GPU-57be086f-e967-c022-3832-93df4fc77bd0, 1302036, python3, 436
GPU-57be086f-e967-c022-3832-93df4fc77bd0, 1302034, python3, 436
GPU-57be086f-e967-c022-3832-93df4fc77bd0, 2959393, python, 1332
GPU-57be086f-e967-c022-3832-93df4fc77bd0, 3065106, python, 1332
GPU-57be086f-e967-c022-3832-93df4fc77bd0, 4035848, python3, 2680
GPU-57be086f-e967-c022-3832-93df4fc77bd0, 2725120, python3, 2650
GPU-57be086f-e967-c022-3832-93df4fc77bd0, 2725121, python3, 2654
GPU-7dc22583-df04-6c76-4ba5-ea32c428c130, 2936972, python3, 4348
GPU-7dc22583-df04-6c76-4ba5-ea32c428c130, 1525915, python3, 4840
GPU-7dc22583-df04-6c76-4ba5-ea32c428c130, 2086069, python3, 5182
GPU-7dc22583-df04-6c76-4ba5-ea32c428c130, 50059, python3, 1512
GPU-63c05907-407b-8240-07a0-f38872840867, 1097889, inferencer_worker_0_0, 11308
GPU-63c05907-407b-8240-07a0-f38872840867, 1118290, m13p4_kvcache_d2h_0_lr0_0, 434
GPU-63c05907-407b-8240-07a0-f38872840867, 1118204, m13p4_kvcache_0_lr0_0, 434
GPU-63c05907-407b-8240-07a0-f38872840867, 1118571, m13p4_qhid_0_lr0, 434
GPU-63c05907-407b-8240-07a0-f38872840867, 2595713, /data00/home/sitian/sitian-workspace01/RL/.venv/bin/python, 524
GPU-f8904cb4-f9f0-c757-df36-e6fd971b3a9d, 1595383, nvidia-cuda-mps-server, 36
GPU-f8904cb4-f9f0-c757-df36-e6fd971b3a9d, 1185613, python3, 4808
GPU-f8904cb4-f9f0-c757-df36-e6fd971b3a9d, 1190106, python3, 438
GPU-56b882d2-6e6e-adb3-80e7-95f0a9e678f1, 2134914, python3, 946
GPU-56b882d2-6e6e-adb3-80e7-95f0a9e678f1, 2135786, python3, 17506
GPU-56b882d2-6e6e-adb3-80e7-95f0a9e678f1, 442148, python3, 946
GPU-56b882d2-6e6e-adb3-80e7-95f0a9e678f1, 443962, python3, 7240
GPU-687b7858-ca44-98ad-cfba-b6785eaf05e8, 252431, python, 1276
GPU-687b7858-ca44-98ad-cfba-b6785eaf05e8, 2723298, python3, 1536
GPU-c27f6fd6-8a66-7935-41fd-bd5ccdaced31, 4053853, python3, 946
GPU-c27f6fd6-8a66-7935-41fd-bd5ccdaced31, 4055491, python3, 18834
GPU-c27f6fd6-8a66-7935-41fd-bd5ccdaced31, 4033570, python3, 946
GPU-b8ffec62-b437-85f7-3f7d-2cd05bd23e16, 703088, python3, 750
